{
  "Total Queries": 25338,
  "Top-1 Recall": 0.20834319993685374,
  "Top-5 Recall": 0.5037098429236719,
  "Top-10 Recall": 0.5755781829662957,
  "MRR": 0.3352314642540704,
  "Top-1 Correct Count": 5279,
  "Top-10 Correct Count": 14584
}